accuracy,precision,recall,f1
0.9833333333333333,1.0,0.9811320754716981,0.9904761904761905
1.0,1.0,1.0,1.0
0.9833333333333333,0.9814814814814815,1.0,0.9906542056074766
1.0,1.0,1.0,1.0
0.9833333333333333,1.0,0.9811320754716981,0.9904761904761905
