feature,coefficient
absence_count,0.29314063936759
behavior_score,0.13222259645346077
question_count,0.10268826705966999
final_score,0.0
night_study,-0.003287467681657903
assignment_count,-0.012634342862569292
participation_level_num,-0.179148291414134
midterm_score,-1.2775474611473718
performance_score,-1.2894356514137741
